layer	error_rate
l1	0.307896
l2	0.276621
l3	0.259629
l4	0.250549
l5	0.238521
l6	0.273517
l7	0.303120
l8	0.322660
l9	0.362290
l10	0.405709
l11	0.433203
l12	0.450869
