layer	error_rate
l1	0.305228
l2	0.282920
l3	0.271367
l4	0.260209
l5	0.241550
l6	0.253035
l7	0.275611
l8	0.276253
l9	0.275627
l10	0.286855
l11	0.282828
l12	0.277948
l13	0.279339
l14	0.276159
l15	0.287841
l16	0.284802
l17	0.289034
l18	0.301045
l19	0.326691
l20	0.343392
l21	0.389949
l22	0.424499
l23	0.425018
l24	0.419738
