layer	error_rate
l1	0.353009
l2	0.341080
l3	0.326238
l4	0.313561
l5	0.288130
l6	0.260958
l7	0.251893
l8	0.263240
l9	0.295573
l10	0.326985
l11	0.360475
l12	0.350772
