layer	error_rate
l1	0.354344
l2	0.332998
l3	0.318053
l4	0.304339
l5	0.270424
l6	0.250366
l7	0.235077
l8	0.231765
l9	0.224967
l10	0.225212
l11	0.218389
l12	0.206113
l13	0.205201
l14	0.203387
l15	0.191139
l16	0.192627
l17	0.193030
l18	0.198094
l19	0.202333
l20	0.217452
l21	0.241083
l22	0.264461
l23	0.298250
l24	0.320944
