layer	error_rate
l1	0.360880
l2	0.352323
l3	0.338481
l4	0.339449
l5	0.338821
l6	0.332100
l7	0.341395
l8	0.353845
l9	0.366682
l10	0.375259
l11	0.375135
l12	0.370825
