layer	error_rate
l1	0.357337
l2	0.351395
l3	0.345266
l4	0.335673
l5	0.335879
l6	0.336477
l7	0.335004
l8	0.331162
l9	0.335385
l10	0.335764
l11	0.351089
l12	0.361419
l13	0.401996
l14	0.407687
l15	0.410459
l16	0.414547
l17	0.425148
l18	0.441927
l19	0.447157
l20	0.444497
l21	0.443550
l22	0.445111
l23	0.440006
l24	0.434424
