layer	error_rate
l1	0.383156
l2	0.363338
l3	0.340971
l4	0.311146
l5	0.296358
l6	0.280244
l7	0.274804
l8	0.269890
l9	0.268823
l10	0.268428
l11	0.269765
l12	0.272564
l13	0.277178
l14	0.282896
l15	0.290092
l16	0.295653
l17	0.299693
l18	0.306159
l19	0.306779
l20	0.307022
l21	0.312842
l22	0.312883
l23	0.313024
l24	0.310200
