layer	error_rate
l1	0.358210
l2	0.349366
l3	0.348649
l4	0.350945
l5	0.350320
l6	0.348421
l7	0.349265
l8	0.355205
l9	0.348807
l10	0.340579
l11	0.339644
l12	0.342650
