layer	error_rate
l1	0.355705
l2	0.336785
l3	0.326356
l4	0.308475
l5	0.289877
l6	0.252120
l7	0.242230
l8	0.227300
l9	0.228902
l10	0.227751
l11	0.218409
l12	0.212943
l13	0.221363
l14	0.212604
l15	0.213012
l16	0.210983
l17	0.200478
l18	0.194890
l19	0.203640
l20	0.221110
l21	0.259236
l22	0.278455
l23	0.329658
l24	0.359798
