layer	error_rate
l1	0.350645
l2	0.336854
l3	0.310532
l4	0.279643
l5	0.254448
l6	0.249428
l7	0.259284
l8	0.272124
l9	0.290258
l10	0.309406
l11	0.318743
l12	0.324602
