layer	error_rate
l1	0.322034
l2	0.290412
l3	0.279002
l4	0.278885
l5	0.274595
l6	0.278312
l7	0.316569
l8	0.347070
l9	0.368172
l10	0.364088
l11	0.358967
l12	0.342871
