layer	error_rate
l1	0.302495
l2	0.284492
l3	0.265480
l4	0.237936
l5	0.229783
l6	0.223271
l7	0.222940
l8	0.226538
l9	0.225163
l10	0.221593
l11	0.230963
l12	0.227999
l13	0.225365
l14	0.229886
l15	0.228086
l16	0.213870
l17	0.211537
l18	0.214301
l19	0.210455
l20	0.238674
l21	0.257505
l22	0.476258
l23	0.474886
l24	0.473396
