layer	error_rate
l1	0.356890
l2	0.342379
l3	0.315758
l4	0.293133
l5	0.274529
l6	0.267569
l7	0.266201
l8	0.266646
l9	0.272085
l10	0.279074
l11	0.291502
l12	0.298087
l13	0.306762
l14	0.307967
l15	0.320813
l16	0.324994
l17	0.311322
l18	0.313382
l19	0.326020
l20	0.338737
l21	0.377504
l22	0.399845
l23	0.425097
l24	0.426765
