layer	error_rate
l1	0.328128
l2	0.312064
l3	0.303379
l4	0.298755
l5	0.321228
l6	0.382558
l7	0.404490
l8	0.431281
l9	0.442071
l10	0.449058
l11	0.473126
l12	0.473891
