layer	error_rate
l1	0.364720
l2	0.339142
l3	0.294298
l4	0.276843
l5	0.275305
l6	0.264011
l7	0.269762
l8	0.246479
l9	0.228967
l10	0.227320
l11	0.237999
l12	0.238701
l13	0.248350
l14	0.265841
l15	0.272878
l16	0.277267
l17	0.287300
l18	0.295944
l19	0.296740
l20	0.304590
l21	0.313503
l22	0.329365
l23	0.318056
l24	0.324775
