layer	error_rate
l1	0.331240
l2	0.331368
l3	0.320329
l4	0.290194
l5	0.323045
l6	0.311510
l7	0.320085
l8	0.362840
l9	0.400894
l10	0.412693
l11	0.414003
l12	0.398119
