layer	error_rate
l1	0.356788
l2	0.347348
l3	0.317632
l4	0.297901
l5	0.280146
l6	0.260807
l7	0.296238
l8	0.340618
l9	0.368523
l10	0.385054
l11	0.393396
l12	0.402040
