layer	error_rate
l1	0.296253
l2	0.281475
l3	0.268966
l4	0.262665
l5	0.251779
l6	0.249035
l7	0.277004
l8	0.277704
l9	0.281348
l10	0.277276
l11	0.282705
l12	0.276949
l13	0.290202
l14	0.298490
l15	0.299191
l16	0.293368
l17	0.300248
l18	0.306320
l19	0.307018
l20	0.329386
l21	0.377695
l22	0.427179
l23	0.428730
l24	0.435086
