layer	error_rate
l1	0.288044
l2	0.279754
l3	0.273450
l4	0.262160
l5	0.252400
l6	0.252402
l7	0.240787
l8	0.239652
l9	0.232231
l10	0.224040
l11	0.222769
l12	0.223957
l13	0.225809
l14	0.229024
l15	0.226935
l16	0.229049
l17	0.234920
l18	0.242037
l19	0.246456
l20	0.262358
l21	0.257738
l22	0.266288
l23	0.257369
l24	0.266373
