layer	error_rate
l1	0.291321
l2	0.282549
l3	0.276662
l4	0.266582
l5	0.255580
l6	0.245020
l7	0.247433
l8	0.267218
l9	0.281942
l10	0.289026
l11	0.292120
l12	0.286326
