layer	error_rate
l1	0.277199
l2	0.259087
l3	0.258819
l4	0.259958
l5	0.252225
l6	0.270319
l7	0.312606
l8	0.320598
l9	0.322786
l10	0.352395
l11	0.423809
l12	0.432246
