layer	error_rate
l1	0.257634
l2	0.251235
l3	0.243152
l4	0.249213
l5	0.248763
l6	0.251272
l7	0.253212
l8	0.249186
l9	0.253551
l10	0.255026
l11	0.248770
l12	0.251558
