layer	error_rate
l1	0.265108
l2	0.261541
l3	0.258906
l4	0.259947
l5	0.262172
l6	0.260360
l7	0.265433
l8	0.260434
l9	0.281542
l10	0.254531
l11	0.259056
l12	0.265104
l13	0.303485
l14	0.297097
l15	0.295619
l16	0.298432
l17	0.307400
l18	0.323861
l19	0.325821
l20	0.330628
l21	0.338901
l22	0.321564
l23	0.310913
l24	0.287571
