layer	error_rate
l1	0.292604
l2	0.278253
l3	0.280867
l4	0.272782
l5	0.265579
l6	0.254222
l7	0.248090
l8	0.244157
l9	0.241416
l10	0.235054
l11	0.232879
l12	0.237058
l13	0.245963
l14	0.249122
l15	0.246811
l16	0.247844
l17	0.249574
l18	0.255611
l19	0.252358
l20	0.256771
l21	0.253964
l22	0.255486
l23	0.257708
l24	0.264476
