layer	error_rate
l1	0.267776
l2	0.264750
l3	0.267238
l4	0.265617
l5	0.263792
l6	0.263677
l7	0.265464
l8	0.266053
l9	0.267115
l10	0.266465
l11	0.265906
l12	0.253077
