layer	error_rate
l1	0.291223
l2	0.279451
l3	0.266083
l4	0.265130
l5	0.262397
l6	0.256743
l7	0.262174
l8	0.263687
l9	0.264602
l10	0.265783
l11	0.265671
l12	0.268456
l13	0.270619
l14	0.272960
l15	0.284676
l16	0.294437
l17	0.299427
l18	0.302087
l19	0.305173
l20	0.299474
l21	0.303635
l22	0.304435
l23	0.302289
l24	0.292049
