layer	error_rate
l1	0.264632
l2	0.257831
l3	0.251395
l4	0.243237
l5	0.236630
l6	0.238366
l7	0.244469
l8	0.250326
l9	0.240958
l10	0.239904
l11	0.235242
l12	0.225326
