layer	error_rate
l1	0.277068
l2	0.255986
l3	0.249359
l4	0.239407
l5	0.259534
l6	0.252761
l7	0.283473
l8	0.295358
l9	0.310198
l10	0.294121
l11	0.282655
l12	0.275385
