layer	error_rate
l1	0.260842
l2	0.254562
l3	0.250065
l4	0.246562
l5	0.238092
l6	0.241726
l7	0.239674
l8	0.244643
l9	0.240690
l10	0.244088
l11	0.242089
l12	0.238502
l13	0.237526
l14	0.238847
l15	0.239860
l16	0.235274
l17	0.236911
l18	0.241193
l19	0.243298
l20	0.255292
l21	0.319581
l22	0.356013
l23	0.388206
l24	0.411068
