layer	error_rate
l1	0.246195
l2	0.248258
l3	0.247337
l4	0.242202
l5	0.259583
l6	0.303553
l7	0.347093
l8	0.385496
l9	0.397015
l10	0.392867
l11	0.477192
l12	0.475971
