layer	error_rate
l1	0.286012
l2	0.270845
l3	0.264693
l4	0.253545
l5	0.261255
l6	0.266516
l7	0.251622
l8	0.253814
l9	0.236936
l10	0.231857
l11	0.237728
l12	0.234642
l13	0.234402
l14	0.237556
l15	0.236388
l16	0.233939
l17	0.238886
l18	0.246915
l19	0.256371
l20	0.276935
l21	0.284994
l22	0.472391
l23	0.474708
l24	0.472203
