layer	error_rate
l1	0.278890
l2	0.264560
l3	0.243959
l4	0.253517
l5	0.252421
l6	0.243303
l7	0.243981
l8	0.240781
l9	0.237891
l10	0.238265
l11	0.232427
l12	0.237932
l13	0.233350
l14	0.235504
l15	0.235045
l16	0.235840
l17	0.240470
l18	0.244016
l19	0.241721
l20	0.240665
l21	0.245083
l22	0.251086
l23	0.246002
l24	0.250653
