layer	error_rate
l1	0.275955
l2	0.258431
l3	0.252080
l4	0.260739
l5	0.250469
l6	0.243081
l7	0.254481
l8	0.259920
l9	0.269301
l10	0.279479
l11	0.285617
l12	0.280386
