layer	error_rate
l1	0.271594
l2	0.263454
l3	0.264770
l4	0.259362
l5	0.263036
l6	0.250917
l7	0.254251
l8	0.255570
l9	0.288931
l10	0.281077
l11	0.286113
l12	0.258783
