layer	error_rate
l1	0.217936
l2	0.184111
l3	0.166993
l4	0.144798
l5	0.120228
l6	0.123287
l7	0.127908
l8	0.125365
l9	0.122670
l10	0.125881
l11	0.114003
l12	0.091148
l13	0.085001
l14	0.077433
l15	0.122882
l16	0.133956
l17	0.141010
l18	0.172158
l19	0.167684
l20	0.186879
l21	0.204778
l22	0.296415
l23	0.297813
l24	0.334346
