layer	error_rate
l1	0.156755
l2	0.120517
l3	0.098826
l4	0.095390
l5	0.076695
l6	0.096123
l7	0.108363
l8	0.124256
l9	0.161177
l10	0.266602
l11	0.314334
l12	0.351347
