layer	error_rate
l1	0.202334
l2	0.164629
l3	0.123961
l4	0.108435
l5	0.081848
l6	0.078486
l7	0.077067
l8	0.074173
l9	0.071571
l10	0.072204
l11	0.066844
l12	0.057955
l13	0.053842
l14	0.050596
l15	0.046316
l16	0.045919
l17	0.046030
l18	0.045993
l19	0.046737
l20	0.050367
l21	0.061637
l22	0.071701
l23	0.093611
l24	0.134343
