layer	error_rate
l1	0.185871
l2	0.159818
l3	0.131200
l4	0.115805
l5	0.103478
l6	0.094007
l7	0.084362
l8	0.081847
l9	0.090650
l10	0.111345
l11	0.142048
l12	0.142513
