layer	error_rate
l1	0.173381
l2	0.198437
l3	0.170540
l4	0.151777
l5	0.149554
l6	0.153695
l7	0.158565
l8	0.175182
l9	0.187865
l10	0.196721
l11	0.186413
l12	0.171146
