layer	error_rate
l1	0.190307
l2	0.177429
l3	0.173068
l4	0.170131
l5	0.171619
l6	0.175685
l7	0.178648
l8	0.179197
l9	0.185960
l10	0.190923
l11	0.199761
l12	0.212858
l13	0.267675
l14	0.267754
l15	0.265690
l16	0.268511
l17	0.275019
l18	0.281782
l19	0.290807
l20	0.290175
l21	0.290697
l22	0.289447
l23	0.291694
l24	0.296725
