layer	error_rate
l1	0.162357
l2	0.157202
l3	0.153131
l4	0.149617
l5	0.147840
l6	0.147875
l7	0.147756
l8	0.154369
l9	0.172351
l10	0.187182
l11	0.191336
l12	0.157961
