layer	error_rate
l1	0.212196
l2	0.185686
l3	0.168723
l4	0.146601
l5	0.130770
l6	0.105821
l7	0.101030
l8	0.096301
l9	0.091817
l10	0.089412
l11	0.087662
l12	0.086259
l13	0.090102
l14	0.097538
l15	0.100531
l16	0.105457
l17	0.105923
l18	0.107059
l19	0.112122
l20	0.114037
l21	0.120218
l22	0.119630
l23	0.131584
l24	0.150770
