layer	error_rate
l1	0.164712
l2	0.165267
l3	0.161968
l4	0.152770
l5	0.148597
l6	0.145359
l7	0.144429
l8	0.148309
l9	0.150668
l10	0.151622
l11	0.152556
l12	0.153997
l13	0.154635
l14	0.157857
l15	0.159081
l16	0.162817
l17	0.165507
l18	0.168404
l19	0.169282
l20	0.170746
l21	0.171573
l22	0.172235
l23	0.172533
l24	0.170508
