layer	error_rate
l1	0.158572
l2	0.142251
l3	0.129044
l4	0.121385
l5	0.122089
l6	0.127821
l7	0.139115
l8	0.149644
l9	0.157450
l10	0.170086
l11	0.180699
l12	0.191627
