layer	error_rate
l1	0.142083
l2	0.101249
l3	0.086172
l4	0.086918
l5	0.104645
l6	0.112834
l7	0.121561
l8	0.133350
l9	0.138129
l10	0.131766
l11	0.120847
l12	0.116356
