layer	error_rate
l1	0.173733
l2	0.150216
l3	0.130193
l4	0.109093
l5	0.104783
l6	0.106169
l7	0.105541
l8	0.107955
l9	0.108222
l10	0.110629
l11	0.115027
l12	0.117097
l13	0.118518
l14	0.114806
l15	0.109505
l16	0.099694
l17	0.090621
l18	0.096534
l19	0.099095
l20	0.127975
l21	0.155251
l22	0.453946
l23	0.452111
l24	0.447492
