layer	error_rate
l1	0.157936
l2	0.129374
l3	0.118070
l4	0.125015
l5	0.172592
l6	0.212718
l7	0.247260
l8	0.290288
l9	0.290319
l10	0.282516
l11	0.375277
l12	0.356498
