layer	error_rate
l1	0.160979
l2	0.142706
l3	0.117560
l4	0.099675
l5	0.092052
l6	0.096926
l7	0.103614
l8	0.108170
l9	0.119907
l10	0.133002
l11	0.145445
l12	0.154480
l13	0.170074
l14	0.183550
l15	0.192867
l16	0.184593
l17	0.160178
l18	0.146927
l19	0.138061
l20	0.143852
l21	0.197290
l22	0.276112
l23	0.332230
l24	0.333085
