layer	error_rate
l1	0.152089
l2	0.117357
l3	0.115800
l4	0.133131
l5	0.148892
l6	0.156160
l7	0.173443
l8	0.205008
l9	0.224571
l10	0.232097
l11	0.238180
l12	0.237821
