layer	error_rate
l1	0.168227
l2	0.141887
l3	0.127510
l4	0.132057
l5	0.146866
l6	0.145376
l7	0.178633
l8	0.211229
l9	0.240151
l10	0.255558
l11	0.264798
l12	0.270783
