layer	error_rate
l1	0.208924
l2	0.160061
l3	0.119013
l4	0.107587
l5	0.112362
l6	0.120355
l7	0.128534
l8	0.129457
l9	0.125540
l10	0.132919
l11	0.141933
l12	0.149228
l13	0.155728
l14	0.171778
l15	0.179009
l16	0.185304
l17	0.191335
l18	0.192600
l19	0.190065
l20	0.194912
l21	0.206577
l22	0.211281
l23	0.205259
l24	0.229999
